original_zip_path,moved_to,folder
python_practice/LINKED_LIST/example7.py,02_ControlFlow/example7.py,02_ControlFlow
python_practice/TREES/examplecv.py,02_ControlFlow/examplecv.py,02_ControlFlow
python_practice/LINKED_LIST/hello.py,02_ControlFlow/hello.py,02_ControlFlow
PythonProgramming/my.py,02_ControlFlow/my.py,02_ControlFlow
python_practice/pr3.py,02_ControlFlow/pr3.py,02_ControlFlow
python_practice/LINKED_LIST/practice.py,02_ControlFlow/practice.py,02_ControlFlow
python_practice/LINKED_LIST/practice2.1.py,02_ControlFlow/practice2.1.py,02_ControlFlow
PythonProgramming/practiceCode.py,02_ControlFlow/practiceCode.py,02_ControlFlow
PythonProgramming/project_2.py,02_ControlFlow/project_2.py,02_ControlFlow
PythonProgramming/cdProject.py,03_Functions/cdProject.py,03_Functions
python_practice/crtday3.py,03_Functions/crtday3.py,03_Functions
python_practice/crtday3_2.py,03_Functions/crtday3_2.py,03_Functions
PythonProgramming/hello.py,03_Functions/hello.py,03_Functions
python_practice/hellobro.py,03_Functions/hellobro.py,03_Functions
PythonProgramming/practice.py,03_Functions/practice.py,03_Functions
python_practice/LINKED_LIST/QUEUES/practice1.py,03_Functions/practice1.py,03_Functions
python_practice/LINKED_LIST/QUEUES/practice2.py,03_Functions/practice2.py,03_Functions
python_practice/LINKED_LIST/example6.py,04_DataStructures/example6.py,04_DataStructures
PythonProgramming/BankAcc.py,05_OOP/BankAcc.py,05_OOP
PythonProgramming/ClassObj1.py,05_OOP/ClassObj1.py,05_OOP
python_practice/LINKED_LIST/QUEUES/QueuesLinkdList.py,05_OOP/QueuesLinkdList.py,05_OOP
python_practice/TREES/TREES.PY,05_OOP/TREES.PY,05_OOP
python_practice/LINKED_LIST/circularLinkedList.py,05_OOP/circularLinkedList.py,05_OOP
python_practice/LINKED_LIST/circularSingle.py,05_OOP/circularSingle.py,05_OOP
PythonProgramming/classes_obj.py,05_OOP/classes_obj.py,05_OOP
python_practice/LINKED_LIST/doubleLinkedList.py,05_OOP/doubleLinkedList.py,05_OOP
PythonProgramming/encapsulation.py,05_OOP/encapsulation.py,05_OOP
python_practice/LINKED_LIST/stack/ex1.py,05_OOP/ex1.py,05_OOP
python_practice/LINKED_LIST/hello1.py,05_OOP/hello1.py,05_OOP
PythonProgramming/oopsConscept.py,05_OOP/oopsConscept.py,05_OOP
PythonProgramming/polymorphisum.py,05_OOP/polymorphisum.py,05_OOP
python_practice/LINKED_LIST/example.py,07_Misc/example.py,07_Misc
python_practice/LINKED_LIST/example1.py,07_Misc/example1.py,07_Misc
python_practice/LINKED_LIST/example2.py,07_Misc/example2.py,07_Misc
python_practice/LINKED_LIST/example3.py,07_Misc/example3.py,07_Misc
python_practice/LINKED_LIST/example4.py,07_Misc/example4.py,07_Misc
python_practice/LINKED_LIST/example5.py,07_Misc/example5.py,07_Misc
python_practice/LINKED_LIST/QUEUES/example.py,07_Misc/example_1.py,07_Misc
python_practice/hell.py,07_Misc/hell.py,07_Misc
python_practice/LINKED_LIST/linkedList1.py,07_Misc/linkedList1.py,07_Misc
python_practice/LINKED_LIST/QUEUES/practice3.py,07_Misc/practice3.py,07_Misc
python_practice/LINKED_LIST/tempCodeRunnerFile.py,07_Misc/tempCodeRunnerFile.py,07_Misc
